--
-- PostgreSQL database dump
--

-- Dumped from database version 16.1
-- Dumped by pg_dump version 16.1

SET statement_timeout = 0;
SET lock_timeout = 0;
SET idle_in_transaction_session_timeout = 0;
SET client_encoding = 'UTF8';
SET standard_conforming_strings = on;
SELECT pg_catalog.set_config('search_path', '', false);
SET check_function_bodies = false;
SET xmloption = content;
SET client_min_messages = warning;
SET row_security = off;

--
-- Name: weather_app; Type: SCHEMA; Schema: -; Owner: postgres
--

CREATE SCHEMA weather_app;


ALTER SCHEMA weather_app OWNER TO postgres;

SET default_tablespace = '';

SET default_table_access_method = heap;

--
-- Name: location; Type: TABLE; Schema: weather_app; Owner: postgres
--

CREATE TABLE weather_app.location (
    locationid integer NOT NULL,
    city character(255),
    country character(255),
    latitude double precision,
    longitude double precision
);


ALTER TABLE weather_app.location OWNER TO postgres;

--
-- Name: user; Type: TABLE; Schema: weather_app; Owner: postgres
--

CREATE TABLE weather_app."user" (
    userid integer NOT NULL,
    username character(255),
    email character(255),
    password character(255),
    locationid integer
);


ALTER TABLE weather_app."user" OWNER TO postgres;

--
-- Name: user_userid_seq; Type: SEQUENCE; Schema: weather_app; Owner: postgres
--

ALTER TABLE weather_app."user" ALTER COLUMN userid ADD GENERATED BY DEFAULT AS IDENTITY (
    SEQUENCE NAME weather_app.user_userid_seq
    START WITH 1
    INCREMENT BY 1
    NO MINVALUE
    NO MAXVALUE
    CACHE 1
);


--
-- Name: weather_data; Type: TABLE; Schema: weather_app; Owner: postgres
--

CREATE TABLE weather_app.weather_data (
    pressure double precision,
    precipitation double precision,
    dataid character varying(255) NOT NULL,
    date character varying(255),
    temperature double precision,
    humidity double precision,
    windspeed double precision,
    weather_condition character varying(255),
    locationid integer
);


ALTER TABLE weather_app.weather_data OWNER TO postgres;

--
-- Data for Name: location; Type: TABLE DATA; Schema: weather_app; Owner: postgres
--

COPY weather_app.location (locationid, city, country, latitude, longitude) FROM stdin;
1	New York                                                                                                                                                                                                                                                       	USA                                                                                                                                                                                                                                                            	40.7128	-74.006
2	London                                                                                                                                                                                                                                                         	UK                                                                                                                                                                                                                                                             	51.5074	-0.1278
3	Paris                                                                                                                                                                                                                                                          	France                                                                                                                                                                                                                                                         	48.8566	2.3522
4	Tokyo                                                                                                                                                                                                                                                          	Japan                                                                                                                                                                                                                                                          	35.6895	139.6917
5	Seattle                                                                                                                                                                                                                                                        	USA                                                                                                                                                                                                                                                            	47.6062	0
6	Toronto                                                                                                                                                                                                                                                        	Canada                                                                                                                                                                                                                                                         	43.65107	-79.347015
7	Berlin                                                                                                                                                                                                                                                         	Germany                                                                                                                                                                                                                                                        	52.52	13.405
8	Beijing                                                                                                                                                                                                                                                        	China                                                                                                                                                                                                                                                          	39.9042	116.4074
9	Mumbai                                                                                                                                                                                                                                                         	India                                                                                                                                                                                                                                                          	19.076	72.8777
10	Moscow                                                                                                                                                                                                                                                         	Russia                                                                                                                                                                                                                                                         	55.7558	37.6176
11	Cape Town                                                                                                                                                                                                                                                      	South Africa                                                                                                                                                                                                                                                   	33.9249	18.4241
12	Rome                                                                                                                                                                                                                                                           	Italy                                                                                                                                                                                                                                                          	41.9028	12.4964
13	Rio de Janeiro                                                                                                                                                                                                                                                 	Brazil                                                                                                                                                                                                                                                         	-22.9068	-43.1729
14	Dubai                                                                                                                                                                                                                                                          	United Arab Emirates                                                                                                                                                                                                                                           	25.276987	55.296249
15	Seoul                                                                                                                                                                                                                                                          	South Korea                                                                                                                                                                                                                                                    	37.5665	126.978
16	Buenos Aires                                                                                                                                                                                                                                                   	Argentina                                                                                                                                                                                                                                                      	-34.6118	-58.4173
17	Cairo                                                                                                                                                                                                                                                          	Egypt                                                                                                                                                                                                                                                          	30.0444	31.2357
18	Mexico City                                                                                                                                                                                                                                                    	Mexico                                                                                                                                                                                                                                                         	19.4326	-99.1332
19	Sydney                                                                                                                                                                                                                                                         	Australia                                                                                                                                                                                                                                                      	-33.8688	151.2093
20	Flagstaff                                                                                                                                                                                                                                                      	USA                                                                                                                                                                                                                                                            	23.56	455.67
\.


--
-- Data for Name: user; Type: TABLE DATA; Schema: weather_app; Owner: postgres
--

COPY weather_app."user" (userid, username, email, password, locationid) FROM stdin;
1	JohnDoe                                                                                                                                                                                                                                                        	john.doe@example.com                                                                                                                                                                                                                                           	password123                                                                                                                                                                                                                                                    	1
4	OmShewale                                                                                                                                                                                                                                                      	om.doe@example.com                                                                                                                                                                                                                                             	password344                                                                                                                                                                                                                                                    	10
29	dummy                                                                                                                                                                                                                                                          	fudd.doe@example.com                                                                                                                                                                                                                                           	password344                                                                                                                                                                                                                                                    	\N
34	userD                                                                                                                                                                                                                                                          	adfrf@gmail.com                                                                                                                                                                                                                                                	admin                                                                                                                                                                                                                                                          	\N
35	Justin                                                                                                                                                                                                                                                         	justin@gmail.com                                                                                                                                                                                                                                               	Kerezturi                                                                                                                                                                                                                                                      	\N
30	MaryJane                                                                                                                                                                                                                                                       	mary.jane2@example.com                                                                                                                                                                                                                                         	password123                                                                                                                                                                                                                                                    	\N
31	user3                                                                                                                                                                                                                                                          	wef@gmail.com                                                                                                                                                                                                                                                  	ferfrfrf                                                                                                                                                                                                                                                       	\N
36	MaryJane                                                                                                                                                                                                                                                       	mary.jane69@example.com                                                                                                                                                                                                                                        	password123                                                                                                                                                                                                                                                    	\N
37	Hisham                                                                                                                                                                                                                                                         	wish@gmail.com                                                                                                                                                                                                                                                 	hisham123                                                                                                                                                                                                                                                      	\N
38	nbn                                                                                                                                                                                                                                                            	nbn.fnu@gmail.com                                                                                                                                                                                                                                              	nbn123                                                                                                                                                                                                                                                         	\N
39	hisham                                                                                                                                                                                                                                                         	hisha@gmail.com                                                                                                                                                                                                                                                	fwerfrfef                                                                                                                                                                                                                                                      	17
40	om                                                                                                                                                                                                                                                             	omshewale@gmail.com                                                                                                                                                                                                                                            	kjhgnr4                                                                                                                                                                                                                                                        	5
41	bbof4                                                                                                                                                                                                                                                          	kjfgnbe@gmail.com                                                                                                                                                                                                                                              	srgnerg                                                                                                                                                                                                                                                        	5
42	Justin                                                                                                                                                                                                                                                         	fjehrbf@gmail.com                                                                                                                                                                                                                                              	pwd123                                                                                                                                                                                                                                                         	5
43	user5                                                                                                                                                                                                                                                          	admin@gmail.com                                                                                                                                                                                                                                                	admin                                                                                                                                                                                                                                                          	3
44	BobDummy                                                                                                                                                                                                                                                       	ofnsf@gmail.com                                                                                                                                                                                                                                                	admin                                                                                                                                                                                                                                                          	1
45	user69                                                                                                                                                                                                                                                         	admign@gmail.com                                                                                                                                                                                                                                               	admin                                                                                                                                                                                                                                                          	10
\.


--
-- Data for Name: weather_data; Type: TABLE DATA; Schema: weather_app; Owner: postgres
--

COPY weather_app.weather_data (pressure, precipitation, dataid, date, temperature, humidity, windspeed, weather_condition, locationid) FROM stdin;
1016.31	0.1	data1	2023-10-28	25.5	70	10.2	Clear	5
1016.31	0.2	data2	2023-10-28	18.3	85	8.5	Rain	5
1016.31	0	data3	2023-10-28	22	60	12.1	Sunny	5
1016.31	0.5	data4	2023-10-28	28.7	75	14.8	Cloudy	5
1016.31	0	data5	2023-10-17	22.1	63.5	10.5	Sunny	5
1014.02	0	data6	2023-10-17	20.9	64.3	7.8	Partly Cloudy	6
1010.47	0.4	data7	2023-10-17	14.3	89.1	3.2	Rainy	7
1017.49	0	data8	2023-10-17	19.6	71.4	9.2	Sunny	8
1011.99	0.5	data9	2023-10-17	12.7	86.7	5	Rainy	9
1013.75	0.1	data10	2023-10-17	26.5	53.2	10.8	Sunny	10
1012.55	0.2	data11	2023-10-17	8.9	92	2.4	Rainy	11
1014.98	0	data12	2023-10-17	19.5	67.7	8.1	Partly Cloudy	12
1010.25	0.6	data13	2023-10-17	21.2	69.8	4.7	Showers	13
1015.33	0	data14	2023-10-17	27.3	49.1	11.5	Sunny	14
1011.84	0.3	data15	2023-10-17	13.5	83.6	3.9	Rainy	15
1012.68	0.1	data16	2023-10-17	18.7	69.2	7.2	Partly Cloudy	16
1014.27	0	data17	2023-10-17	24.8	58.3	9.3	Sunny	17
1010.93	0.4	data18	2023-10-17	15.8	88.5	3.6	Rainy	18
1013.12	0.1	data19	2023-10-17	23.2	62.4	6.8	Partly Cloudy	19
1016.08	0	data20	2023-10-17	28.7	50.7	12.1	Sunny	20
\.


--
-- Name: user_userid_seq; Type: SEQUENCE SET; Schema: weather_app; Owner: postgres
--

SELECT pg_catalog.setval('weather_app.user_userid_seq', 45, true);


--
-- Name: location location_pkey; Type: CONSTRAINT; Schema: weather_app; Owner: postgres
--

ALTER TABLE ONLY weather_app.location
    ADD CONSTRAINT location_pkey PRIMARY KEY (locationid);


--
-- Name: user user_pkey; Type: CONSTRAINT; Schema: weather_app; Owner: postgres
--

ALTER TABLE ONLY weather_app."user"
    ADD CONSTRAINT user_pkey PRIMARY KEY (userid);


--
-- Name: weather_data weather_data_pkey; Type: CONSTRAINT; Schema: weather_app; Owner: postgres
--

ALTER TABLE ONLY weather_app.weather_data
    ADD CONSTRAINT weather_data_pkey PRIMARY KEY (dataid);


--
-- Name: user lnk_location; Type: FK CONSTRAINT; Schema: weather_app; Owner: postgres
--

ALTER TABLE ONLY weather_app."user"
    ADD CONSTRAINT lnk_location FOREIGN KEY (locationid) REFERENCES weather_app.location(locationid);


--
-- Name: weather_data lnk_location; Type: FK CONSTRAINT; Schema: weather_app; Owner: postgres
--

ALTER TABLE ONLY weather_app.weather_data
    ADD CONSTRAINT lnk_location FOREIGN KEY (locationid) REFERENCES weather_app.location(locationid);


--
-- PostgreSQL database dump complete
--

